supplier_encoded,category_encoded,sku_encoded,order_month,order_quarter,is_festive_season,is_quarter_end,promised_lead_time,po_value_log,ordered_qty_log,is_large_order,supplier_delay_rate,supplier_avg_delay_days,supplier_fill_rate,supplier_defect_rate,supplier_total_pos,composite_score,delay_rate,avg_lead_time_days,payment_terms_days,actual_delay,predicted_delay,delay_probability
5,2,14,1,1,0,0,14,13.860354182877465,8.358431899031295,1,0.43243243243243246,5.8108108108108105,0.7956756756756758,0.10057027027027027,74,69.1,0.4324324324324324,14,45,0,1,0.8552636077898804
12,1,42,1,1,0,0,8,13.011260695911469,7.555905093611346,0,0.06289308176100629,0.20125786163522014,0.9757911949685535,0.009324528301886792,159,95.75,0.0628930817610062,8,30,0,0,0.19633225521567435
14,1,41,1,1,0,0,12,11.696610924559092,7.215239978730097,0,0.0875,0.2,0.974571875,0.009675,160,94.36,0.0875,12,30,0,0,0.10005829851098164
1,4,1,8,3,0,0,10,12.732402465678284,8.001019961323651,0,0.15517241379310345,0.9655172413793104,0.9260086206896552,0.04038534482758621,116,88.81,0.1551724137931034,10,45,0,0,0.24109241862454975
3,2,12,8,3,0,0,12,12.207229775796648,6.739336627357174,0,0.05660377358490566,0.16352201257861634,0.9760805031446541,0.00969811320754717,159,96.09,0.0566037735849056,12,45,0,0,0.16324685468295796
7,3,28,10,4,1,0,11,12.784715830376348,7.283448228756631,0,0.4473684210526316,5.2105263157894735,0.7880618421052631,0.09860921052631579,76,68.12,0.4473684210526316,11,30,1,0,0.44785422329773394
8,3,21,6,2,0,1,10,13.561170787948578,8.13973227971767,0,0.21367521367521367,1.3504273504273505,0.924802564102564,0.03928717948717948,117,85.58,0.2136752136752136,10,45,0,0,0.2807665880440389
4,2,13,7,3,0,0,15,13.293874191463617,7.52294091807237,0,0.2457627118644068,1.5169491525423728,0.924914406779661,0.0379457627118644,118,83.85,0.2457627118644068,15,60,0,1,0.5259557498026821
1,4,9,3,1,0,1,10,13.738200263846423,8.351374706721296,1,0.15517241379310345,0.9655172413793104,0.9260086206896552,0.04038534482758621,116,88.81,0.1551724137931034,10,45,1,0,0.39210394715652774
6,3,22,8,3,0,0,9,13.737397091441022,8.28121766128665,1,0.050955414012738856,0.19745222929936307,0.9737770700636943,0.009755414012738854,157,96.35,0.0509554140127388,9,30,0,0,0.04323598749744567
3,2,11,1,1,0,0,12,13.472028912735595,8.11701408773731,0,0.05660377358490566,0.16352201257861634,0.9760805031446541,0.00969811320754717,159,96.09,0.0566037735849056,12,45,1,0,0.0971334102242434
11,0,32,12,4,0,1,16,12.581237124644689,6.79346613258001,0,0.35064935064935066,4.935064935064935,0.7990454545454545,0.10566103896103896,77,73.58,0.3506493506493506,16,60,1,0,0.48780151211305073
5,2,18,9,3,0,1,14,13.762185843745177,8.427706024914702,1,0.43243243243243246,5.8108108108108105,0.7956756756756758,0.10057027027027027,74,69.1,0.4324324324324324,14,45,0,1,0.5246855777739368
14,1,45,10,4,1,0,12,11.808381491784047,6.747586526829315,0,0.0875,0.2,0.974571875,0.009675,160,94.36,0.0875,12,30,0,0,0.12965633874107915
6,3,29,3,1,0,1,9,12.891040214088584,7.463363045520021,0,0.050955414012738856,0.19745222929936307,0.9737770700636943,0.009755414012738854,157,96.35,0.0509554140127388,9,30,0,0,0.22710891487604304
1,4,7,3,1,0,1,10,13.7296809878203,8.117908942383155,0,0.15517241379310345,0.9655172413793104,0.9260086206896552,0.04038534482758621,116,88.81,0.1551724137931034,10,45,1,0,0.3192440577814822
9,0,34,9,3,0,1,13,12.311210151323149,6.400257445308821,0,0.11320754716981132,0.3018867924528302,0.974790566037736,0.009183018867924529,159,92.96,0.1132075471698113,13,60,0,0,0.1365529471059205
12,1,44,10,4,1,0,8,13.170286270364688,8.505727713306959,1,0.06289308176100629,0.20125786163522014,0.9757911949685535,0.009324528301886792,159,95.75,0.0628930817610062,8,30,0,0,0.084852919615417
12,1,47,12,4,0,1,8,10.99608512232711,6.376726947898627,0,0.06289308176100629,0.20125786163522014,0.9757911949685535,0.009324528301886792,159,95.75,0.0628930817610062,8,30,0,0,0.12096774185269323
3,2,12,2,1,0,0,12,13.543722674346649,8.074960359115858,0,0.05660377358490566,0.16352201257861634,0.9760805031446541,0.00969811320754717,159,96.09,0.0566037735849056,12,45,0,0,0.06608650298999684
13,1,48,1,1,0,0,10,12.446727416556522,7.829232537543592,0,0.22033898305084745,1.1016949152542372,0.9248949152542374,0.0399271186440678,118,85.21,0.2203389830508474,10,45,1,0,0.33654298347123307
7,3,28,11,4,1,0,11,13.529103285942366,8.027476530860483,0,0.4473684210526316,5.2105263157894735,0.7880618421052631,0.09860921052631579,76,68.12,0.4473684210526316,11,30,1,1,0.660592061455754
9,0,37,8,3,0,0,13,13.487614084147905,7.9247959139564355,0,0.11320754716981132,0.3018867924528302,0.974790566037736,0.009183018867924529,159,92.96,0.1132075471698113,13,60,0,0,0.417531348181149
2,4,3,6,2,0,1,8,13.875981379718791,8.506940814951886,1,0.07006369426751592,0.20382165605095542,0.9737076433121018,0.009521019108280255,157,95.3,0.0700636942675159,8,30,0,0,0.06115813627223322
14,1,43,3,1,0,1,12,12.689134518585183,8.288534459413917,1,0.0875,0.2,0.974571875,0.009675,160,94.36,0.0875,12,30,0,0,0.20244604054626145
4,2,17,11,4,1,0,15,13.406149831779635,8.158516244806831,0,0.2457627118644068,1.5169491525423728,0.924914406779661,0.0379457627118644,118,83.85,0.2457627118644068,15,60,1,1,0.6280992414451131
12,1,41,11,4,1,0,8,12.930586604607617,8.448700194970938,1,0.06289308176100629,0.20125786163522014,0.9757911949685535,0.009324528301886792,159,95.75,0.0628930817610062,8,30,0,0,0.07336361440243294
0,4,0,2,1,0,0,7,13.654123575807604,8.201385955238608,0,0.06369426751592357,0.17834394904458598,0.9750668789808917,0.009659872611464967,157,95.68,0.0636942675159235,7,30,0,0,0.05306156051923503
14,1,43,10,4,1,0,12,12.702869241053993,8.302265794873367,1,0.0875,0.2,0.974571875,0.009675,160,94.36,0.0875,12,30,0,0,0.21167038394532225
2,4,4,10,4,1,0,8,13.027947044000259,8.138564737261632,0,0.07006369426751592,0.20382165605095542,0.9737076433121018,0.009521019108280255,157,95.3,0.0700636942675159,8,30,0,0,0.021083923401212432
13,1,45,9,3,0,1,10,13.48945058509276,8.427706024914702,1,0.22033898305084745,1.1016949152542372,0.9248949152542374,0.0399271186440678,118,85.21,0.2203389830508474,10,45,0,1,0.5570907471105968
14,1,49,8,3,0,0,12,12.881171938337605,8.059592328887545,0,0.0875,0.2,0.974571875,0.009675,160,94.36,0.0875,12,30,0,0,0.05283663521153519
13,1,49,6,2,0,1,10,13.308216358041248,8.486527777105353,1,0.22033898305084745,1.1016949152542372,0.9248949152542374,0.0399271186440678,118,85.21,0.2203389830508474,10,45,0,0,0.48006361948344933
2,4,8,2,1,0,0,8,11.219616122424707,6.626717749249025,0,0.07006369426751592,0.20382165605095542,0.9737076433121018,0.009521019108280255,157,95.3,0.0700636942675159,8,30,0,0,0.2958822311820057
10,0,31,9,3,0,1,18,13.130629677211468,8.059276223305648,0,0.2,1.1391304347826088,0.926811304347826,0.04028608695652174,115,86.36,0.2,18,45,0,0,0.4761760438782705
5,2,11,5,2,0,0,14,13.867895405890438,8.512783482927537,1,0.43243243243243246,5.8108108108108105,0.7956756756756758,0.10057027027027027,74,69.1,0.4324324324324324,14,45,0,1,0.6206536469725124
4,2,19,4,2,0,0,15,12.941934164996798,7.038783541388542,0,0.2457627118644068,1.5169491525423728,0.924914406779661,0.0379457627118644,118,83.85,0.2457627118644068,15,60,0,1,0.521238725327139
10,0,36,8,3,0,0,18,12.06104959023923,7.232733136177615,0,0.2,1.1391304347826088,0.926811304347826,0.04028608695652174,115,86.36,0.2,18,45,0,0,0.28795824674958576
13,1,44,2,1,0,0,10,12.63273542048609,7.968319500012717,0,0.22033898305084745,1.1016949152542372,0.9248949152542374,0.0399271186440678,118,85.21,0.2203389830508474,10,45,0,0,0.3788968909231341
14,1,46,7,3,0,0,12,11.506447327072177,7.130098510125578,0,0.0875,0.2,0.974571875,0.009675,160,94.36,0.0875,12,30,0,0,0.046519732475186024
10,0,34,1,1,0,0,18,14.232328761765716,8.31996102188653,1,0.2,1.1391304347826088,0.926811304347826,0.04028608695652174,115,86.36,0.2,18,45,0,0,0.3764917858541605
14,1,40,9,3,0,1,12,12.675140962507728,7.920446505142607,0,0.0875,0.2,0.974571875,0.009675,160,94.36,0.0875,12,30,1,0,0.2716083086878551
10,0,37,6,2,0,1,18,13.162080890209149,7.599401333415815,0,0.2,1.1391304347826088,0.926811304347826,0.04028608695652174,115,86.36,0.2,18,45,0,0,0.27652884070711303
3,2,10,9,3,0,1,12,13.766745947968332,7.8399193600125825,0,0.05660377358490566,0.16352201257861634,0.9760805031446541,0.00969811320754717,159,96.09,0.0566037735849056,12,45,0,0,0.13518059319322812
13,1,41,3,1,0,1,10,12.873277104939545,8.391403185357937,1,0.22033898305084745,1.1016949152542372,0.9248949152542374,0.0399271186440678,118,85.21,0.2203389830508474,10,45,0,1,0.6788217586934372
7,3,25,11,4,1,0,11,12.81934857038452,7.385851078125209,0,0.4473684210526316,5.2105263157894735,0.7880618421052631,0.09860921052631579,76,68.12,0.4473684210526316,11,30,0,0,0.4573819776450563
0,4,1,4,2,0,0,7,12.785922424293782,8.054522609537294,0,0.06369426751592357,0.17834394904458598,0.9750668789808917,0.009659872611464967,157,95.68,0.0636942675159235,7,30,0,0,0.06984270399805367
12,1,44,11,4,1,0,8,12.286448589981859,7.622174594817622,0,0.06289308176100629,0.20125786163522014,0.9757911949685535,0.009324528301886792,159,95.75,0.0628930817610062,8,30,0,0,0.11014079268036094
3,2,18,10,4,1,0,12,13.753175793437014,8.418697944667139,1,0.05660377358490566,0.16352201257861634,0.9760805031446541,0.00969811320754717,159,96.09,0.0566037735849056,12,45,0,0,0.15932672797317926
6,3,25,6,2,0,1,9,13.61303549672395,8.179199798423086,0,0.050955414012738856,0.19745222929936307,0.9737770700636943,0.009755414012738854,157,96.35,0.0509554140127388,9,30,0,0,0.09363917626768509
2,4,2,11,4,1,0,8,12.614316522614603,8.141481041457421,0,0.07006369426751592,0.20382165605095542,0.9737076433121018,0.009521019108280255,157,95.3,0.0700636942675159,8,30,0,0,0.07741331140658732
5,2,14,5,2,0,0,14,13.109539218259567,7.607878073278507,0,0.43243243243243246,5.8108108108108105,0.7956756756756758,0.10057027027027027,74,69.1,0.4324324324324324,14,45,1,1,0.6740448853489619
12,1,49,8,3,0,0,8,13.029297197946876,8.207674424355282,0,0.06289308176100629,0.20125786163522014,0.9757911949685535,0.009324528301886792,159,95.75,0.0628930817610062,8,30,0,0,0.07493542900955341
1,4,1,3,1,0,1,10,13.091788225053945,8.360305435879093,1,0.15517241379310345,0.9655172413793104,0.9260086206896552,0.04038534482758621,116,88.81,0.1551724137931034,10,45,0,0,0.44341536639735657
2,4,1,11,4,1,0,8,12.146292916691126,7.415175109613295,0,0.07006369426751592,0.20382165605095542,0.9737076433121018,0.009521019108280255,157,95.3,0.0700636942675159,8,30,0,0,0.18120025253201447
9,0,32,9,3,0,1,13,13.719815734193944,7.931284761525891,0,0.11320754716981132,0.3018867924528302,0.974790566037736,0.009183018867924529,159,92.96,0.1132075471698113,13,60,0,0,0.23723502216766182
6,3,22,1,1,0,0,9,13.685677165016951,8.229511118964457,0,0.050955414012738856,0.19745222929936307,0.9737770700636943,0.009755414012738854,157,96.35,0.0509554140127388,9,30,0,0,0.08096455902973905
0,4,9,2,1,0,0,7,13.206698716997678,7.820037989458753,0,0.06369426751592357,0.17834394904458598,0.9750668789808917,0.009659872611464967,157,95.68,0.0636942675159235,7,30,0,0,0.1126025567712477
12,1,41,10,4,1,0,8,11.03033349397827,6.54965074223381,0,0.06289308176100629,0.20125786163522014,0.9757911949685535,0.009324528301886792,159,95.75,0.0628930817610062,8,30,0,0,0.18814570558044344
14,1,48,8,3,0,0,12,12.835060219821907,8.217438537730187,0,0.0875,0.2,0.974571875,0.009675,160,94.36,0.0875,12,30,0,0,0.026228548299365287
4,2,14,3,1,0,1,15,13.463876004175603,7.962067308753666,0,0.2457627118644068,1.5169491525423728,0.924914406779661,0.0379457627118644,118,83.85,0.2457627118644068,15,60,0,0,0.30716957038227943
2,4,3,12,4,0,1,8,13.787057481182956,8.41803561988302,1,0.07006369426751592,0.20382165605095542,0.9737076433121018,0.009521019108280255,157,95.3,0.0700636942675159,8,30,0,0,0.06216970804512881
6,3,22,8,3,0,0,9,13.89002670537457,8.433811582477187,1,0.050955414012738856,0.19745222929936307,0.9737770700636943,0.009755414012738854,157,96.35,0.0509554140127388,9,30,0,0,0.06567887235836768
10,0,32,4,2,0,0,18,13.265363375960307,7.4770384723196965,0,0.2,1.1391304347826088,0.926811304347826,0.04028608695652174,115,86.36,0.2,18,45,0,0,0.241425966302401
10,0,39,10,4,1,0,18,13.01271644372427,7.872836175025724,0,0.2,1.1391304347826088,0.926811304347826,0.04028608695652174,115,86.36,0.2,18,45,1,0,0.40264637100364586
4,2,17,1,1,0,0,15,13.605413455421367,8.35772841676521,1,0.2457627118644068,1.5169491525423728,0.924914406779661,0.0379457627118644,118,83.85,0.2457627118644068,15,60,0,0,0.36436288452761
3,2,19,7,3,0,0,12,13.51883251617813,7.615298339825815,0,0.05660377358490566,0.16352201257861634,0.9760805031446541,0.00969811320754717,159,96.09,0.0566037735849056,12,45,0,0,0.10790238901748983
3,2,12,5,2,0,0,12,13.647431635607036,8.1786387885907,0,0.05660377358490566,0.16352201257861634,0.9760805031446541,0.00969811320754717,159,96.09,0.0566037735849056,12,45,0,0,0.059388907647017986
9,0,39,11,4,1,0,13,13.638270627807453,8.498214224818435,1,0.11320754716981132,0.3018867924528302,0.974790566037736,0.009183018867924529,159,92.96,0.1132075471698113,13,60,0,0,0.28105976893172574
12,1,48,8,3,0,0,8,12.846335477172639,8.228710798793687,0,0.06289308176100629,0.20125786163522014,0.9757911949685535,0.009324528301886792,159,95.75,0.0628930817610062,8,30,0,0,0.0598229779986186
3,2,18,2,1,0,0,12,13.812318930134431,8.47782846789396,1,0.05660377358490566,0.16352201257861634,0.9760805031446541,0.00969811320754717,159,96.09,0.0566037735849056,12,45,0,0,0.22046473317031082
10,0,35,1,1,0,0,18,12.667954412816675,7.342131730584722,0,0.2,1.1391304347826088,0.926811304347826,0.04028608695652174,115,86.36,0.2,18,45,0,0,0.11426343062785205
8,3,25,10,4,1,0,10,13.273642240367318,7.8399193600125825,0,0.21367521367521367,1.3504273504273505,0.924802564102564,0.03928717948717948,117,85.58,0.2136752136752136,10,45,0,0,0.4803843922266777
6,3,21,2,1,0,0,9,12.214078364077556,6.79346613258001,0,0.050955414012738856,0.19745222929936307,0.9737770700636943,0.009755414012738854,157,96.35,0.0509554140127388,9,30,0,0,0.06739624459504882
1,4,3,1,1,0,0,10,12.95401714919223,7.585281078639126,0,0.15517241379310345,0.9655172413793104,0.9260086206896552,0.04038534482758621,116,88.81,0.1551724137931034,10,45,0,0,0.3245966191420569
11,0,32,12,4,0,1,16,12.762435147264105,6.974478911025045,0,0.35064935064935066,4.935064935064935,0.7990454545454545,0.10566103896103896,77,73.58,0.3506493506493506,16,60,1,0,0.4920089347279918
8,3,28,5,2,0,0,10,11.915417491180438,6.415096959171596,0,0.21367521367521367,1.3504273504273505,0.924802564102564,0.03928717948717948,117,85.58,0.2136752136752136,10,45,1,0,0.43551787803684117
6,3,21,1,1,0,0,9,13.70421309792176,8.282735880201754,1,0.050955414012738856,0.19745222929936307,0.9737770700636943,0.009755414012738854,157,96.35,0.0509554140127388,9,30,0,0,0.05596518552709584
8,3,27,7,3,0,0,10,13.515329497590338,7.903226808730733,0,0.21367521367521367,1.3504273504273505,0.924802564102564,0.03928717948717948,117,85.58,0.2136752136752136,10,45,0,0,0.32190017748721306
12,1,46,9,3,0,1,8,12.024931751479581,7.64826303090192,0,0.06289308176100629,0.20125786163522014,0.9757911949685535,0.009324528301886792,159,95.75,0.0628930817610062,8,30,0,0,0.36989735391397177
0,4,7,10,4,1,0,7,14.129063053992718,8.517193191416238,1,0.06369426751592357,0.17834394904458598,0.9750668789808917,0.009659872611464967,157,95.68,0.0636942675159235,7,30,1,0,0.1316993333667608
13,1,47,5,2,0,0,10,13.117627782152166,8.496786381638575,1,0.22033898305084745,1.1016949152542372,0.9248949152542374,0.0399271186440678,118,85.21,0.2203389830508474,10,45,0,1,0.5049388501587495
0,4,9,6,2,0,1,7,13.537529808468078,8.150756470275551,0,0.06369426751592357,0.17834394904458598,0.9750668789808917,0.009659872611464967,157,95.68,0.0636942675159235,7,30,1,0,0.08308736972406543
11,0,36,5,2,0,0,16,12.865932835533062,8.037220031133012,0,0.35064935064935066,4.935064935064935,0.7990454545454545,0.10566103896103896,77,73.58,0.3506493506493506,16,60,1,1,0.6139486197705973
9,0,35,5,2,0,0,13,12.557757931805629,7.232010331664759,0,0.11320754716981132,0.3018867924528302,0.974790566037736,0.009183018867924529,159,92.96,0.1132075471698113,13,60,0,0,0.18508110025973346
9,0,30,7,3,0,0,13,13.497761503502813,7.923348211930154,0,0.11320754716981132,0.3018867924528302,0.974790566037736,0.009183018867924529,159,92.96,0.1132075471698113,13,60,0,0,0.17394119233351182
12,1,43,8,3,0,0,8,12.808898869387459,8.40827078419205,1,0.06289308176100629,0.20125786163522014,0.9757911949685535,0.009324528301886792,159,95.75,0.0628930817610062,8,30,0,0,0.04865854061373256
13,1,49,1,1,0,0,10,11.439306911493183,6.618738983517219,0,0.22033898305084745,1.1016949152542372,0.9248949152542374,0.0399271186440678,118,85.21,0.2203389830508474,10,45,0,1,0.5556742601162757
0,4,0,3,1,0,1,7,13.905986288811023,8.453187861440325,1,0.06369426751592357,0.17834394904458598,0.9750668789808917,0.009659872611464967,157,95.68,0.0636942675159235,7,30,0,0,0.10305989896737927
14,1,48,10,4,1,0,12,11.287399578146937,6.670766320845874,0,0.0875,0.2,0.974571875,0.009675,160,94.36,0.0875,12,30,0,0,0.08276602433118296
14,1,45,1,1,0,0,12,13.208672808087284,8.146998697389993,0,0.0875,0.2,0.974571875,0.009675,160,94.36,0.0875,12,30,0,0,0.08176425349772315
2,4,4,2,1,0,0,8,12.111513528607498,7.222566018822171,0,0.07006369426751592,0.20382165605095542,0.9737076433121018,0.009521019108280255,157,95.3,0.0700636942675159,8,30,1,0,0.21021374152601216
10,0,31,8,3,0,0,18,12.932626458646869,7.861341795599989,0,0.2,1.1391304347826088,0.926811304347826,0.04028608695652174,115,86.36,0.2,18,45,1,0,0.3490991151118377
5,2,17,7,3,0,0,14,12.862726366597421,7.615298339825815,0,0.43243243243243246,5.8108108108108105,0.7956756756756758,0.10057027027027027,74,69.1,0.4324324324324324,14,45,0,1,0.6299270144393897
8,3,26,7,3,0,0,10,12.489227058583925,7.415776975415394,0,0.21367521367521367,1.3504273504273505,0.924802564102564,0.03928717948717948,117,85.58,0.2136752136752136,10,45,0,0,0.4853601805133968
13,1,40,9,3,0,1,10,12.353959405050006,7.599401333415815,0,0.22033898305084745,1.1016949152542372,0.9248949152542374,0.0399271186440678,118,85.21,0.2203389830508474,10,45,0,1,0.5821060758875857
8,3,21,12,4,0,1,10,13.319398769514631,7.898039690764619,0,0.21367521367521367,1.3504273504273505,0.924802564102564,0.03928717948717948,117,85.58,0.2136752136752136,10,45,0,0,0.4511382685832613
7,3,29,4,2,0,0,11,12.519994304123195,7.0925737159746784,0,0.4473684210526316,5.2105263157894735,0.7880618421052631,0.09860921052631579,76,68.12,0.4473684210526316,11,30,1,1,0.5346433688290496
10,0,34,8,3,0,0,18,12.921118343708212,7.009408932708637,0,0.2,1.1391304347826088,0.926811304347826,0.04028608695652174,115,86.36,0.2,18,45,0,0,0.38154908607881666
0,4,2,12,4,0,1,7,11.098530907731778,6.626717749249025,0,0.06369426751592357,0.17834394904458598,0.9750668789808917,0.009659872611464967,157,95.68,0.0636942675159235,7,30,1,0,0.10039311292837823
2,4,4,1,1,0,0,8,11.606276089736397,6.717804695023691,0,0.07006369426751592,0.20382165605095542,0.9737076433121018,0.009521019108280255,157,95.3,0.0700636942675159,8,30,1,0,0.14978953983537655
1,4,3,7,3,0,0,10,13.865824893327767,8.496786381638575,1,0.15517241379310345,0.9655172413793104,0.9260086206896552,0.04038534482758621,116,88.81,0.1551724137931034,10,45,0,1,0.5046751302421443
10,0,37,11,4,1,0,18,13.257117584586297,7.694392802629421,0,0.2,1.1391304347826088,0.926811304347826,0.04028608695652174,115,86.36,0.2,18,45,1,0,0.4090289088858317
8,3,21,8,3,0,0,10,13.70673898682138,8.285261134068948,1,0.21367521367521367,1.3504273504273505,0.924802564102564,0.03928717948717948,117,85.58,0.2136752136752136,10,45,0,0,0.234172437741248
2,4,4,12,4,0,1,8,12.898372892543131,8.00903068506973,0,0.07006369426751592,0.20382165605095542,0.9737076433121018,0.009521019108280255,157,95.3,0.0700636942675159,8,30,0,0,0.036631427018639
6,3,25,3,1,0,1,9,13.67450120639767,8.240648863374913,0,0.050955414012738856,0.19745222929936307,0.9737770700636943,0.009755414012738854,157,96.35,0.0509554140127388,9,30,0,0,0.18351401025805952
1,4,4,6,2,0,1,10,13.379906763164072,8.490438454107418,1,0.15517241379310345,0.9655172413793104,0.9260086206896552,0.04038534482758621,116,88.81,0.1551724137931034,10,45,0,0,0.2904929930760942
9,0,31,5,2,0,0,13,12.867728230205747,7.796469243086058,0,0.11320754716981132,0.3018867924528302,0.974790566037736,0.009183018867924529,159,92.96,0.1132075471698113,13,60,0,0,0.09917685620378922
0,4,9,4,2,0,0,7,11.900297475702901,6.51471269087253,0,0.06369426751592357,0.17834394904458598,0.9750668789808917,0.009659872611464967,157,95.68,0.0636942675159235,7,30,0,0,0.2936591532110506
2,4,0,8,3,0,0,8,13.696031352124212,8.243282523048375,0,0.07006369426751592,0.20382165605095542,0.9737076433121018,0.009521019108280255,157,95.3,0.0700636942675159,8,30,1,0,0.08570320314436204
3,2,18,7,3,0,0,12,13.643390615300685,8.308938252595778,1,0.05660377358490566,0.16352201257861634,0.9760805031446541,0.00969811320754717,159,96.09,0.0566037735849056,12,45,0,0,0.12880588459886544
2,4,6,5,2,0,0,8,11.84915960181937,7.200424892944957,0,0.07006369426751592,0.20382165605095542,0.9737076433121018,0.009521019108280255,157,95.3,0.0700636942675159,8,30,0,0,0.018354784746218884
0,4,5,2,1,0,0,7,12.177301445548526,6.666956792429207,0,0.06369426751592357,0.17834394904458598,0.9750668789808917,0.009659872611464967,157,95.68,0.0636942675159235,7,30,0,0,0.038226915167470385
9,0,31,7,3,0,0,13,13.372197839964919,8.300776960851454,1,0.11320754716981132,0.3018867924528302,0.974790566037736,0.009183018867924529,159,92.96,0.1132075471698113,13,60,1,0,0.15148480355801106
0,4,7,2,1,0,0,7,13.638240540633445,8.026496938945412,0,0.06369426751592357,0.17834394904458598,0.9750668789808917,0.009659872611464967,157,95.68,0.0636942675159235,7,30,0,0,0.14357138670926567
3,2,17,10,4,1,0,12,12.715863744359726,7.468513271496337,0,0.05660377358490566,0.16352201257861634,0.9760805031446541,0.00969811320754717,159,96.09,0.0566037735849056,12,45,0,0,0.04285562644111862
3,2,14,9,3,0,1,12,13.576183253323384,8.074337694089515,0,0.05660377358490566,0.16352201257861634,0.9760805031446541,0.00969811320754717,159,96.09,0.0566037735849056,12,45,0,0,0.12924131176134226
12,1,42,3,1,0,1,8,13.12022515303105,7.664815785285735,0,0.06289308176100629,0.20125786163522014,0.9757911949685535,0.009324528301886792,159,95.75,0.0628930817610062,8,30,0,0,0.15694138625384738
9,0,30,1,1,0,0,13,14.06685543911482,8.492285555710053,1,0.11320754716981132,0.3018867924528302,0.974790566037736,0.009183018867924529,159,92.96,0.1132075471698113,13,60,1,0,0.45039257821469286
4,2,19,7,3,0,0,15,13.445710353412629,7.542213463193403,0,0.2457627118644068,1.5169491525423728,0.924914406779661,0.0379457627118644,118,83.85,0.2457627118644068,15,60,0,0,0.45783916605219604
5,2,15,11,4,1,0,14,14.253586505136857,8.407601514786142,1,0.43243243243243246,5.8108108108108105,0.7956756756756758,0.10057027027027027,74,69.1,0.4324324324324324,14,45,0,1,0.7191416283875129
11,0,39,11,4,1,0,16,13.607842983557372,8.46779284112111,1,0.35064935064935066,4.935064935064935,0.7990454545454545,0.10566103896103896,77,73.58,0.3506493506493506,16,60,0,1,0.5686279804235513
3,2,14,6,2,0,1,12,12.354402646598205,6.853299093186078,0,0.05660377358490566,0.16352201257861634,0.9760805031446541,0.00969811320754717,159,96.09,0.0566037735849056,12,45,0,0,0.09577362179078283
12,1,44,3,1,0,1,8,12.557961363742484,7.893572073504902,0,0.06289308176100629,0.20125786163522014,0.9757911949685535,0.009324528301886792,159,95.75,0.0628930817610062,8,30,0,0,0.07528802478279618
5,2,11,6,2,0,1,14,12.90860096032816,7.553810852008231,0,0.43243243243243246,5.8108108108108105,0.7956756756756758,0.10057027027027027,74,69.1,0.4324324324324324,14,45,1,1,0.635374638510795
9,0,38,6,2,0,1,13,13.807967732243542,7.943072717277933,0,0.11320754716981132,0.3018867924528302,0.974790566037736,0.009183018867924529,159,92.96,0.1132075471698113,13,60,0,0,0.36183630128178523
14,1,41,10,4,1,0,12,11.688483869789492,7.207118856207756,0,0.0875,0.2,0.974571875,0.009675,160,94.36,0.0875,12,30,0,0,0.13508683993063375
9,0,38,10,4,1,0,13,12.705798746875239,6.841615476477592,0,0.11320754716981132,0.3018867924528302,0.974790566037736,0.009183018867924529,159,92.96,0.1132075471698113,13,60,0,0,0.14991856480186413
10,0,31,10,4,1,0,18,11.674264078168699,6.6039438246004725,0,0.2,1.1391304347826088,0.926811304347826,0.04028608695652174,115,86.36,0.2,18,45,0,0,0.20433001440584603
6,3,22,3,1,0,1,9,13.764138628906151,8.30795254527102,1,0.050955414012738856,0.19745222929936307,0.9737770700636943,0.009755414012738854,157,96.35,0.0509554140127388,9,30,0,0,0.0741373964353721
9,0,32,6,2,0,1,13,13.508464609950693,7.720017940432244,0,0.11320754716981132,0.3018867924528302,0.974790566037736,0.009183018867924529,159,92.96,0.1132075471698113,13,60,1,0,0.14469587080594298
1,4,6,6,2,0,1,10,12.43228536213442,7.783224016336037,0,0.15517241379310345,0.9655172413793104,0.9260086206896552,0.04038534482758621,116,88.81,0.1551724137931034,10,45,0,0,0.16023337755176695
8,3,27,4,2,0,0,10,13.027648264512564,7.415776975415394,0,0.21367521367521367,1.3504273504273505,0.924802564102564,0.03928717948717948,117,85.58,0.2136752136752136,10,45,0,0,0.36630287196350914
0,4,9,6,2,0,1,7,13.38236873876934,7.995643604287271,0,0.06369426751592357,0.17834394904458598,0.9750668789808917,0.009659872611464967,157,95.68,0.0636942675159235,7,30,0,0,0.07384581456864656
13,1,46,7,3,0,0,10,12.588354486412955,8.211482916445066,0,0.22033898305084745,1.1016949152542372,0.9248949152542374,0.0399271186440678,118,85.21,0.2203389830508474,10,45,0,0,0.36439031777437464
1,4,3,7,3,0,0,10,13.347897030149145,7.978996370854115,0,0.15517241379310345,0.9655172413793104,0.9260086206896552,0.04038534482758621,116,88.81,0.1551724137931034,10,45,0,0,0.13723964332053312
3,2,17,3,1,0,1,12,12.940946555214566,7.693481640835175,0,0.05660377358490566,0.16352201257861634,0.9760805031446541,0.00969811320754717,159,96.09,0.0566037735849056,12,45,0,0,0.2836178211847917
14,1,45,3,1,0,1,12,12.845605155181257,7.784057002639929,0,0.0875,0.2,0.974571875,0.009675,160,94.36,0.0875,12,30,0,0,0.1763730247024146
7,3,26,2,1,0,0,11,11.908163655978775,6.835184586147301,0,0.4473684210526316,5.2105263157894735,0.7880618421052631,0.09860921052631579,76,68.12,0.4473684210526316,11,30,0,1,0.5723794829189877
11,0,32,8,3,0,0,16,13.839593618962157,8.051022208190679,0,0.35064935064935066,4.935064935064935,0.7990454545454545,0.10566103896103896,77,73.58,0.3506493506493506,16,60,0,0,0.43414769240487755
4,2,15,12,4,0,1,15,14.297475193320006,8.451480648050856,1,0.2457627118644068,1.5169491525423728,0.924914406779661,0.0379457627118644,118,83.85,0.2457627118644068,15,60,0,1,0.5988406144918346
1,4,9,10,4,1,0,10,12.937724225059334,7.551186867296149,0,0.15517241379310345,0.9655172413793104,0.9260086206896552,0.04038534482758621,116,88.81,0.1551724137931034,10,45,0,0,0.14368556052626463
9,0,38,8,3,0,0,13,14.048088687352069,8.183118079394745,0,0.11320754716981132,0.3018867924528302,0.974790566037736,0.009183018867924529,159,92.96,0.1132075471698113,13,60,0,0,0.49611879210256404
6,3,25,2,1,0,0,9,13.367554892183277,7.933796874815411,0,0.050955414012738856,0.19745222929936307,0.9737770700636943,0.009755414012738854,157,96.35,0.0509554140127388,9,30,0,0,0.10082421683140855
4,2,18,2,1,0,0,15,13.38124841174858,8.046869510959576,0,0.2457627118644068,1.5169491525423728,0.924914406779661,0.0379457627118644,118,83.85,0.2457627118644068,15,60,0,0,0.2666652459434962
10,0,34,5,2,0,0,18,12.849927423319993,6.93828448401696,0,0.2,1.1391304347826088,0.926811304347826,0.04028608695652174,115,86.36,0.2,18,45,0,0,0.2766682241048373
10,0,38,5,2,0,0,18,13.688496010217602,7.823645930834952,0,0.2,1.1391304347826088,0.926811304347826,0.04028608695652174,115,86.36,0.2,18,45,1,1,0.6786662888070829
10,0,38,5,2,0,0,18,14.323117511363817,8.45807992692373,1,0.2,1.1391304347826088,0.926811304347826,0.04028608695652174,115,86.36,0.2,18,45,0,0,0.38758638077442364
10,0,32,3,1,0,1,18,13.761356332909278,7.972810784121404,0,0.2,1.1391304347826088,0.926811304347826,0.04028608695652174,115,86.36,0.2,18,45,0,0,0.427694604362221
2,4,6,7,3,0,0,8,12.417588536860888,7.768533300926033,0,0.07006369426751592,0.20382165605095542,0.9737076433121018,0.009521019108280255,157,95.3,0.0700636942675159,8,30,0,0,0.13318172405727796
12,1,42,9,3,0,1,8,12.64278076786627,7.187657164114956,0,0.06289308176100629,0.20125786163522014,0.9757911949685535,0.009324528301886792,159,95.75,0.0628930817610062,8,30,0,0,0.15284160387509743
0,4,7,6,2,0,1,7,13.413871047915523,7.802209316247118,0,0.06369426751592357,0.17834394904458598,0.9750668789808917,0.009659872611464967,157,95.68,0.0636942675159235,7,30,1,0,0.07037829806705125
14,1,49,10,4,1,0,12,12.121695976465572,7.300472814267799,0,0.0875,0.2,0.974571875,0.009675,160,94.36,0.0875,12,30,0,0,0.11956525424651619
1,4,4,11,4,1,0,10,11.662761191619625,6.774223886357614,0,0.15517241379310345,0.9655172413793104,0.9260086206896552,0.04038534482758621,116,88.81,0.1551724137931034,10,45,0,0,0.28444816141049334
9,0,37,4,2,0,0,13,11.978281749518926,6.416732282512326,0,0.11320754716981132,0.3018867924528302,0.974790566037736,0.009183018867924529,159,92.96,0.1132075471698113,13,60,1,0,0.06749829681944224
6,3,28,7,3,0,0,9,13.585281715149254,8.083637203141548,0,0.050955414012738856,0.19745222929936307,0.9737770700636943,0.009755414012738854,157,96.35,0.0509554140127388,9,30,0,0,0.09245504303688878
2,4,8,10,4,1,0,8,13.030629419289465,8.43663368355782,1,0.07006369426751592,0.20382165605095542,0.9737076433121018,0.009521019108280255,157,95.3,0.0700636942675159,8,30,0,0,0.05355363216817943
3,2,11,4,2,0,0,12,13.871705694668405,8.516593011344206,1,0.05660377358490566,0.16352201257861634,0.9760805031446541,0.00969811320754717,159,96.09,0.0566037735849056,12,45,0,0,0.29097955498402955
11,0,38,10,4,1,0,16,14.245247787016556,8.38022733634308,1,0.35064935064935066,4.935064935064935,0.7990454545454545,0.10566103896103896,77,73.58,0.3506493506493506,16,60,1,1,0.649751670490816
3,2,11,2,1,0,0,12,12.82951936503499,7.47477218239787,0,0.05660377358490566,0.16352201257861634,0.9760805031446541,0.00969811320754717,159,96.09,0.0566037735849056,12,45,0,0,0.12237752127427833
13,1,41,3,1,0,1,10,12.99548641202862,8.513586695822125,1,0.22033898305084745,1.1016949152542372,0.9248949152542374,0.0399271186440678,118,85.21,0.2203389830508474,10,45,0,1,0.5298467279597027
2,4,5,4,2,0,0,8,13.73711676092342,8.225770799348734,0,0.07006369426751592,0.20382165605095542,0.9737076433121018,0.009521019108280255,157,95.3,0.0700636942675159,8,30,0,0,0.06772897406243196
6,3,27,11,4,1,0,9,13.122903511505639,7.510977752014095,0,0.050955414012738856,0.19745222929936307,0.9737770700636943,0.009755414012738854,157,96.35,0.0509554140127388,9,30,0,0,0.2591826231356997
14,1,49,10,4,1,0,12,11.48631245960546,6.665683717782408,0,0.0875,0.2,0.974571875,0.009675,160,94.36,0.0875,12,30,0,0,0.08533614509324522
0,4,9,4,2,0,0,7,13.600443553362743,8.213652703029998,0,0.06369426751592357,0.17834394904458598,0.9750668789808917,0.009659872611464967,157,95.68,0.0636942675159235,7,30,0,0,0.12163983095454552
6,3,27,4,2,0,0,9,13.909517015564735,8.297294370266917,1,0.050955414012738856,0.19745222929936307,0.9737770700636943,0.009755414012738854,157,96.35,0.0509554140127388,9,30,0,0,0.047248466327280345
0,4,3,9,3,0,1,7,13.293315715533062,7.92443418488756,0,0.06369426751592357,0.17834394904458598,0.9750668789808917,0.009659872611464967,157,95.68,0.0636942675159235,7,30,0,0,0.056941197585372645
9,0,36,5,2,0,0,13,12.627970067279778,7.79934339821592,0,0.11320754716981132,0.3018867924528302,0.974790566037736,0.009183018867924529,159,92.96,0.1132075471698113,13,60,0,0,0.2496056907132579
13,1,41,7,3,0,0,10,12.942511759797677,8.460622839927844,1,0.22033898305084745,1.1016949152542372,0.9248949152542374,0.0399271186440678,118,85.21,0.2203389830508474,10,45,0,0,0.49913042841119903
2,4,6,11,4,1,0,8,12.937256545329923,8.288031567776464,1,0.07006369426751592,0.20382165605095542,0.9737076433121018,0.009521019108280255,157,95.3,0.0700636942675159,8,30,0,0,0.016923148660752244
1,4,6,3,1,0,1,10,11.751981341059121,7.103322062526113,0,0.15517241379310345,0.9655172413793104,0.9260086206896552,0.04038534482758621,116,88.81,0.1551724137931034,10,45,0,0,0.15058233218844516
9,0,34,4,2,0,0,13,14.159045211193673,8.246695943718557,0,0.11320754716981132,0.3018867924528302,0.974790566037736,0.009183018867924529,159,92.96,0.1132075471698113,13,60,0,0,0.08907192879791927
3,2,19,11,4,1,0,12,13.059424237907127,7.156176637480615,0,0.05660377358490566,0.16352201257861634,0.9760805031446541,0.00969811320754717,159,96.09,0.0566037735849056,12,45,0,0,0.026977441511013833
14,1,43,6,2,0,1,12,11.637916240128583,7.237778191923443,0,0.0875,0.2,0.974571875,0.009675,160,94.36,0.0875,12,30,0,0,0.3588872655971789
1,4,7,12,4,0,1,10,13.601969764730576,7.990238185720363,0,0.15517241379310345,0.9655172413793104,0.9260086206896552,0.04038534482758621,116,88.81,0.1551724137931034,10,45,0,0,0.12011214172830646
0,4,7,4,2,0,0,7,12.087507497853904,6.476972362889683,0,0.06369426751592357,0.17834394904458598,0.9750668789808917,0.009659872611464967,157,95.68,0.0636942675159235,7,30,0,0,0.28776627670617233
12,1,47,9,3,0,1,8,12.950462694206287,8.329658067569396,1,0.06289308176100629,0.20125786163522014,0.9757911949685535,0.009324528301886792,159,95.75,0.0628930817610062,8,30,0,0,0.048759494186679735
9,0,35,1,1,0,0,13,12.717885641683576,7.392031567514591,0,0.11320754716981132,0.3018867924528302,0.974790566037736,0.009183018867924529,159,92.96,0.1132075471698113,13,60,0,0,0.17594200585581266
14,1,40,2,1,0,0,12,12.922125257256873,8.16735198705607,0,0.0875,0.2,0.974571875,0.009675,160,94.36,0.0875,12,30,0,0,0.09491856670937643
9,0,30,8,3,0,0,13,13.88248107253199,8.30795254527102,1,0.11320754716981132,0.3018867924528302,0.974790566037736,0.009183018867924529,159,92.96,0.1132075471698113,13,60,0,0,0.215192161262934
2,4,2,1,1,0,0,8,11.312612061227345,6.840546529288687,0,0.07006369426751592,0.20382165605095542,0.9737076433121018,0.009521019108280255,157,95.3,0.0700636942675159,8,30,1,0,0.16461832567505
3,2,14,1,1,0,0,12,12.863533786611017,7.362010551259734,0,0.05660377358490566,0.16352201257861634,0.9760805031446541,0.00969811320754717,159,96.09,0.0566037735849056,12,45,0,0,0.03725125760608637
2,4,5,4,2,0,0,8,12.652860902559746,7.142036574706803,0,0.07006369426751592,0.20382165605095542,0.9737076433121018,0.009521019108280255,157,95.3,0.0700636942675159,8,30,0,0,0.038956059031609855
12,1,43,9,3,0,1,8,12.645973575899403,8.245384468120747,0,0.06289308176100629,0.20125786163522014,0.9757911949685535,0.009324528301886792,159,95.75,0.0628930817610062,8,30,0,0,0.12975449857790144
3,2,19,2,1,0,0,12,14.37433758347982,8.470520783217808,1,0.05660377358490566,0.16352201257861634,0.9760805031446541,0.00969811320754717,159,96.09,0.0566037735849056,12,45,0,0,0.29487616214404083
14,1,46,6,2,0,1,12,12.389824803526071,8.013012110368916,0,0.0875,0.2,0.974571875,0.009675,160,94.36,0.0875,12,30,0,0,0.2199045855097963
0,4,8,11,4,1,0,7,13.001144400657163,8.4071550862073,1,0.06369426751592357,0.17834394904458598,0.9750668789808917,0.009659872611464967,157,95.68,0.0636942675159235,7,30,0,0,0.08961575130111295
1,4,8,4,2,0,0,10,12.753301893176905,8.159374736775426,0,0.15517241379310345,0.9655172413793104,0.9260086206896552,0.04038534482758621,116,88.81,0.1551724137931034,10,45,0,0,0.1336082858179592
1,4,7,5,2,0,0,10,13.478409475661055,7.866722285136729,0,0.15517241379310345,0.9655172413793104,0.9260086206896552,0.04038534482758621,116,88.81,0.1551724137931034,10,45,0,0,0.089862810379313
14,1,40,7,3,0,0,12,12.385034523250784,7.630461261783627,0,0.0875,0.2,0.974571875,0.009675,160,94.36,0.0875,12,30,0,0,0.30073903968391735
4,2,10,9,3,0,1,15,13.138778017044363,7.212294468500341,0,0.2457627118644068,1.5169491525423728,0.924914406779661,0.0379457627118644,118,83.85,0.2457627118644068,15,60,0,1,0.5266872845150542
11,0,35,1,1,0,0,16,13.442288563583494,8.116118431609365,0,0.35064935064935066,4.935064935064935,0.7990454545454545,0.10566103896103896,77,73.58,0.3506493506493506,16,60,0,1,0.5431395810327505
4,2,19,6,2,0,1,15,13.72607090783163,7.822444729489319,0,0.2457627118644068,1.5169491525423728,0.924914406779661,0.0379457627118644,118,83.85,0.2457627118644068,15,60,0,0,0.3537225270636651
10,0,37,5,2,0,0,18,13.608126791287283,8.045267716607803,0,0.2,1.1391304347826088,0.926811304347826,0.04028608695652174,115,86.36,0.2,18,45,1,1,0.5240891034280432
12,1,43,10,4,1,0,8,11.9013846553417,7.501082124259871,0,0.06289308176100629,0.20125786163522014,0.9757911949685535,0.009324528301886792,159,95.75,0.0628930817610062,8,30,0,0,0.06534340822718193
5,2,16,1,1,0,0,14,12.32488750422958,6.371611847231857,0,0.43243243243243246,5.8108108108108105,0.7956756756756758,0.10057027027027027,74,69.1,0.4324324324324324,14,45,0,1,0.6255110516433326
2,4,6,5,2,0,0,8,12.979134487104494,8.329899292995725,1,0.07006369426751592,0.20382165605095542,0.9737076433121018,0.009521019108280255,157,95.3,0.0700636942675159,8,30,0,0,0.015960493775462825
9,0,32,11,4,1,0,13,13.475512001177929,7.687080155783135,0,0.11320754716981132,0.3018867924528302,0.974790566037736,0.009183018867924529,159,92.96,0.1132075471698113,13,60,0,0,0.1397838678445927
11,0,34,3,1,0,1,16,12.863428075320062,6.951772164398911,0,0.35064935064935066,4.935064935064935,0.7990454545454545,0.10566103896103896,77,73.58,0.3506493506493506,16,60,1,1,0.6629751731947284
5,2,13,10,4,1,0,14,14.078685670528653,8.307459327011946,1,0.43243243243243246,5.8108108108108105,0.7956756756756758,0.10057027027027027,74,69.1,0.4324324324324324,14,45,0,1,0.7749474237182058
6,3,24,2,1,0,0,9,13.548518718769927,8.203304026795282,0,0.050955414012738856,0.19745222929936307,0.9737770700636943,0.009755414012738854,157,96.35,0.0509554140127388,9,30,0,0,0.0917861456298989
14,1,40,12,4,0,1,12,13.147819698295264,8.392989587956931,1,0.0875,0.2,0.974571875,0.009675,160,94.36,0.0875,12,30,0,0,0.2335972227787657
1,4,8,1,1,0,0,10,12.11499223761493,7.52131798019924,0,0.15517241379310345,0.9655172413793104,0.9260086206896552,0.04038534482758621,116,88.81,0.1551724137931034,10,45,0,0,0.32370412089608247
10,0,32,9,3,0,1,18,13.804878083003707,8.016317898503415,0,0.2,1.1391304347826088,0.926811304347826,0.04028608695652174,115,86.36,0.2,18,45,0,1,0.5700566322103654
12,1,49,1,1,0,0,8,12.547226762169483,7.725771441587952,0,0.06289308176100629,0.20125786163522014,0.9757911949685535,0.009324528301886792,159,95.75,0.0628930817610062,8,30,0,0,0.2028920205048437
0,4,8,1,1,0,0,7,12.623972158339935,8.030084094267563,0,0.06369426751592357,0.17834394904458598,0.9750668789808917,0.009659872611464967,157,95.68,0.0636942675159235,7,30,0,0,0.07270087834096355
0,4,8,7,3,0,0,7,12.574579569701076,7.980707820869669,0,0.06369426751592357,0.17834394904458598,0.9750668789808917,0.009659872611464967,157,95.68,0.0636942675159235,7,30,0,0,0.1256402940393692
10,0,36,3,1,0,1,18,13.189106784742817,8.360305435879093,1,0.2,1.1391304347826088,0.926811304347826,0.04028608695652174,115,86.36,0.2,18,45,0,1,0.5242115134999701
14,1,43,4,2,0,0,12,11.874492463274184,7.474204806496124,0,0.0875,0.2,0.974571875,0.009675,160,94.36,0.0875,12,30,0,0,0.3113853204402605
11,0,34,9,3,0,1,16,13.824302227729849,7.912056888179006,0,0.35064935064935066,4.935064935064935,0.7990454545454545,0.10566103896103896,77,73.58,0.3506493506493506,16,60,1,1,0.5787179544223459
1,4,3,9,3,0,1,10,13.59902069667789,8.230044310126114,0,0.15517241379310345,0.9655172413793104,0.9260086206896552,0.04038534482758621,116,88.81,0.1551724137931034,10,45,0,0,0.3154323500701761
4,2,16,7,3,0,0,15,14.443364724828708,8.488587934405903,1,0.2457627118644068,1.5169491525423728,0.924914406779661,0.0379457627118644,118,83.85,0.2457627118644068,15,60,0,1,0.5257345433694698
3,2,16,7,3,0,0,12,14.36970005589547,8.414938957377482,1,0.05660377358490566,0.16352201257861634,0.9760805031446541,0.00969811320754717,159,96.09,0.0566037735849056,12,45,0,0,0.32427212781326203
14,1,43,11,4,1,0,12,12.589263105414577,8.1886891244442,0,0.0875,0.2,0.974571875,0.009675,160,94.36,0.0875,12,30,0,0,0.2737932275545767
8,3,25,2,1,0,0,10,13.339189399085262,7.905441649060286,0,0.21367521367521367,1.3504273504273505,0.924802564102564,0.03928717948717948,117,85.58,0.2136752136752136,10,45,0,0,0.41570265803273054
3,2,17,11,4,1,0,12,13.709177080243444,8.461469042643875,1,0.05660377358490566,0.16352201257861634,0.9760805031446541,0.00969811320754717,159,96.09,0.0566037735849056,12,45,0,0,0.13791007143634085
13,1,46,5,2,0,0,10,12.432301432606192,8.055475141757274,0,0.22033898305084745,1.1016949152542372,0.9248949152542374,0.0399271186440678,118,85.21,0.2203389830508474,10,45,0,0,0.3458003396928848
9,0,36,11,4,1,0,13,11.914941632313939,7.086737934510577,0,0.11320754716981132,0.3018867924528302,0.974790566037736,0.009183018867924529,159,92.96,0.1132075471698113,13,60,0,0,0.059399237711586006
2,4,2,5,2,0,0,8,12.946367093824913,8.47345026846832,1,0.07006369426751592,0.20382165605095542,0.9737076433121018,0.009521019108280255,157,95.3,0.0700636942675159,8,30,0,0,0.03754429212603097
9,0,34,6,2,0,1,13,12.316189392366777,6.405228458030842,0,0.11320754716981132,0.3018867924528302,0.974790566037736,0.009183018867924529,159,92.96,0.1132075471698113,13,60,0,0,0.1037835207185845
12,1,48,6,2,0,1,8,12.657372061502112,8.039802343736485,0,0.06289308176100629,0.20125786163522014,0.9757911949685535,0.009324528301886792,159,95.75,0.0628930817610062,8,30,0,0,0.269079479331593
13,1,42,1,1,0,0,10,12.662256976611754,7.207118856207756,0,0.22033898305084745,1.1016949152542372,0.9248949152542374,0.0399271186440678,118,85.21,0.2203389830508474,10,45,0,1,0.5716443541056878
3,2,19,7,3,0,0,12,12.92243004779892,7.0192966537150445,0,0.05660377358490566,0.16352201257861634,0.9760805031446541,0.00969811320754717,159,96.09,0.0566037735849056,12,45,0,0,0.1156352808104231
12,1,40,4,2,0,0,8,13.100986940719586,8.346167594364134,1,0.06289308176100629,0.20125786163522014,0.9757911949685535,0.009324528301886792,159,95.75,0.0628930817610062,8,30,0,0,0.2478395092859785
9,0,35,9,3,0,1,13,11.836732984408371,6.511745329644728,0,0.11320754716981132,0.3018867924528302,0.974790566037736,0.009183018867924529,159,92.96,0.1132075471698113,13,60,0,0,0.15911186560157986
1,4,6,8,3,0,0,10,12.654176816289928,8.005033344637111,0,0.15517241379310345,0.9655172413793104,0.9260086206896552,0.04038534482758621,116,88.81,0.1551724137931034,10,45,0,0,0.15936564464005837
0,4,9,9,3,0,1,7,13.495986108831737,8.109224953089955,0,0.06369426751592357,0.17834394904458598,0.9750668789808917,0.009659872611464967,157,95.68,0.0636942675159235,7,30,0,0,0.035721086124673694
6,3,23,7,3,0,0,9,11.634621722864186,6.3835066348840055,0,0.050955414012738856,0.19745222929936307,0.9737770700636943,0.009755414012738854,157,96.35,0.0509554140127388,9,30,0,0,0.17340821177974294
1,4,4,5,2,0,0,10,13.150425506791555,8.261009786023827,0,0.15517241379310345,0.9655172413793104,0.9260086206896552,0.04038534482758621,116,88.81,0.1551724137931034,10,45,1,0,0.24816517298075724
1,4,9,8,3,0,0,10,13.076433777915707,7.689828668736484,0,0.15517241379310345,0.9655172413793104,0.9260086206896552,0.04038534482758621,116,88.81,0.1551724137931034,10,45,1,0,0.1548096233213839
10,0,33,10,4,1,0,18,12.887090006375654,8.041412909393047,0,0.2,1.1391304347826088,0.926811304347826,0.04028608695652174,115,86.36,0.2,18,45,0,0,0.3979673801927392
12,1,49,1,1,0,0,8,13.200285808109225,8.378620541552298,1,0.06289308176100629,0.20125786163522014,0.9757911949685535,0.009324528301886792,159,95.75,0.0628930817610062,8,30,0,0,0.26636322424127
8,3,26,2,1,0,0,10,13.39644381560048,8.32263709695394,1,0.21367521367521367,1.3504273504273505,0.924802564102564,0.03928717948717948,117,85.58,0.2136752136752136,10,45,0,0,0.3680858572587721
3,2,19,5,2,0,0,12,13.431283193938222,7.527793987721444,0,0.05660377358490566,0.16352201257861634,0.9760805031446541,0.00969811320754717,159,96.09,0.0566037735849056,12,45,0,0,0.08975589647539553
6,3,28,1,1,0,0,9,13.84431631946024,8.342601680684194,1,0.050955414012738856,0.19745222929936307,0.9737770700636943,0.009755414012738854,157,96.35,0.0509554140127388,9,30,0,0,0.09999276626699138
13,1,42,11,4,1,0,10,12.93517856613538,7.4798641311650265,0,0.22033898305084745,1.1016949152542372,0.9248949152542374,0.0399271186440678,118,85.21,0.2203389830508474,10,45,0,0,0.3844092152248953
2,4,6,7,3,0,0,8,11.765064009129894,7.116394144093465,0,0.07006369426751592,0.20382165605095542,0.9737076433121018,0.009521019108280255,157,95.3,0.0700636942675159,8,30,0,0,0.016368274526971264
4,2,19,10,4,1,0,15,14.11957395584551,8.215817791832453,0,0.2457627118644068,1.5169491525423728,0.924914406779661,0.0379457627118644,118,83.85,0.2457627118644068,15,60,0,1,0.5325896212294995
9,0,36,3,1,0,1,13,11.466301986840419,6.638567789166521,0,0.11320754716981132,0.3018867924528302,0.974790566037736,0.009183018867924529,159,92.96,0.1132075471698113,13,60,0,0,0.1691451876291488
12,1,45,7,3,0,0,8,12.454613341681423,7.393263094763838,0,0.06289308176100629,0.20125786163522014,0.9757911949685535,0.009324528301886792,159,95.75,0.0628930817610062,8,30,0,0,0.15934912384839583
14,1,44,6,2,0,1,12,12.550091761256104,7.88570539124302,0,0.0875,0.2,0.974571875,0.009675,160,94.36,0.0875,12,30,0,0,0.3222390429958007
4,2,12,1,1,0,0,15,12.90569203607956,7.437206366871292,0,0.2457627118644068,1.5169491525423728,0.924914406779661,0.0379457627118644,118,83.85,0.2457627118644068,15,60,1,0,0.38221304032943637
2,4,7,4,2,0,0,8,14.10640379659879,8.494538500851432,1,0.07006369426751592,0.20382165605095542,0.9737076433121018,0.009521019108280255,157,95.3,0.0700636942675159,8,30,0,0,0.1152311828350332
5,2,15,5,2,0,0,14,13.994943179132623,8.14902386805177,0,0.43243243243243246,5.8108108108108105,0.7956756756756758,0.10057027027027027,74,69.1,0.4324324324324324,14,45,0,1,0.7617324689606707
10,0,32,8,3,0,0,18,13.608124945603546,7.819636302367592,0,0.2,1.1391304347826088,0.926811304347826,0.04028608695652174,115,86.36,0.2,18,45,0,0,0.4365662506767501
12,1,47,2,1,0,0,8,12.50033874562459,7.879669914604289,0,0.06289308176100629,0.20125786163522014,0.9757911949685535,0.009324528301886792,159,95.75,0.0628930817610062,8,30,0,0,0.13190336226658825
4,2,19,1,1,0,0,15,14.293158947673232,8.389359819906353,1,0.2457627118644068,1.5169491525423728,0.924914406779661,0.0379457627118644,118,83.85,0.2457627118644068,15,60,0,1,0.5421243105242404
13,1,49,5,2,0,0,10,12.311309753573594,7.489970898834801,0,0.22033898305084745,1.1016949152542372,0.9248949152542374,0.0399271186440678,118,85.21,0.2203389830508474,10,45,0,0,0.3257599397133727
8,3,29,6,2,0,1,10,13.13351298883298,7.7057128238944275,0,0.21367521367521367,1.3504273504273505,0.924802564102564,0.03928717948717948,117,85.58,0.2136752136752136,10,45,0,0,0.35937084365866956
1,4,8,10,4,1,0,10,12.512842678199737,7.918992488165245,0,0.15517241379310345,0.9655172413793104,0.9260086206896552,0.04038534482758621,116,88.81,0.1551724137931034,10,45,0,0,0.11414250313665401
6,3,26,4,2,0,0,9,13.540159900126513,8.466320861042481,1,0.050955414012738856,0.19745222929936307,0.9737770700636943,0.009755414012738854,157,96.35,0.0509554140127388,9,30,0,0,0.04189340876605016
8,3,24,8,3,0,0,10,13.843090685472864,8.497806477616047,1,0.21367521367521367,1.3504273504273505,0.924802564102564,0.03928717948717948,117,85.58,0.2136752136752136,10,45,1,0,0.1191993261466432
13,1,46,11,4,1,0,10,12.621477061328441,8.244596756382498,0,0.22033898305084745,1.1016949152542372,0.9248949152542374,0.0399271186440678,118,85.21,0.2203389830508474,10,45,0,0,0.43941776833773416
14,1,43,9,3,0,1,12,12.908397680442304,8.507748732588238,1,0.0875,0.2,0.974571875,0.009675,160,94.36,0.0875,12,30,0,0,0.28514245436282387
1,4,6,10,4,1,0,10,12.929173671650998,8.279950715722526,1,0.15517241379310345,0.9655172413793104,0.9260086206896552,0.04038534482758621,116,88.81,0.1551724137931034,10,45,0,0,0.32352177652413944
12,1,49,2,1,0,0,8,12.460576869886895,7.639161171659173,0,0.06289308176100629,0.20125786163522014,0.9757911949685535,0.009324528301886792,159,95.75,0.0628930817610062,8,30,0,0,0.2207633853415471
9,0,34,1,1,0,0,13,13.564207575332151,7.652070746116482,0,0.11320754716981132,0.3018867924528302,0.974790566037736,0.009183018867924529,159,92.96,0.1132075471698113,13,60,0,0,0.10601902870676898
12,1,41,5,2,0,0,8,11.581309271014474,7.10002716662926,0,0.06289308176100629,0.20125786163522014,0.9757911949685535,0.009324528301886792,159,95.75,0.0628930817610062,8,30,0,0,0.19124522871254923
8,3,26,3,1,0,1,10,13.004616286101939,7.930925372483388,0,0.21367521367521367,1.3504273504273505,0.924802564102564,0.03928717948717948,117,85.58,0.2136752136752136,10,45,0,0,0.26181770060777343
6,3,20,5,2,0,0,9,12.50327952514444,7.81923445385907,0,0.050955414012738856,0.19745222929936307,0.9737770700636943,0.009755414012738854,157,96.35,0.0509554140127388,9,30,0,0,0.1329453649180071
3,2,13,8,3,0,0,12,14.174377018774729,8.403128235128264,1,0.05660377358490566,0.16352201257861634,0.9760805031446541,0.00969811320754717,159,96.09,0.0566037735849056,12,45,0,0,0.16022485414659265
0,4,5,7,3,0,0,7,13.06856526436563,7.557472901614746,0,0.06369426751592357,0.17834394904458598,0.9750668789808917,0.009659872611464967,157,95.68,0.0636942675159235,7,30,0,0,0.08796449554574319
1,4,0,8,3,0,0,10,12.085018177068013,6.633318433280377,0,0.15517241379310345,0.9655172413793104,0.9260086206896552,0.04038534482758621,116,88.81,0.1551724137931034,10,45,0,0,0.26238015572448126
13,1,42,8,3,0,0,10,13.863255795435528,8.407601514786142,1,0.22033898305084745,1.1016949152542372,0.9248949152542374,0.0399271186440678,118,85.21,0.2203389830508474,10,45,1,0,0.4272244140446398
10,0,36,11,4,1,0,18,12.487264778811541,7.6586995582682995,0,0.2,1.1391304347826088,0.926811304347826,0.04028608695652174,115,86.36,0.2,18,45,1,0,0.24537275316828067
5,2,14,5,2,0,0,14,13.17723951772714,7.675546002537848,0,0.43243243243243246,5.8108108108108105,0.7956756756756758,0.10057027027027027,74,69.1,0.4324324324324324,14,45,1,1,0.720465556863095
9,0,35,8,3,0,0,13,12.31488507646719,6.98933526597456,0,0.11320754716981132,0.3018867924528302,0.974790566037736,0.009183018867924529,159,92.96,0.1132075471698113,13,60,0,0,0.10986607699605369
13,1,41,6,2,0,1,10,11.99143965146861,7.509883061154913,0,0.22033898305084745,1.1016949152542372,0.9248949152542374,0.0399271186440678,118,85.21,0.2203389830508474,10,45,0,0,0.401153812959491
0,4,7,3,1,0,1,7,13.517512147953708,7.905810312658931,0,0.06369426751592357,0.17834394904458598,0.9750668789808917,0.009659872611464967,157,95.68,0.0636942675159235,7,30,0,0,0.07248492257711629
4,2,12,1,1,0,0,15,12.780293487111498,7.311886164077165,0,0.2457627118644068,1.5169491525423728,0.924914406779661,0.0379457627118644,118,83.85,0.2457627118644068,15,60,1,0,0.44506607911396384
12,1,43,6,2,0,1,8,12.525298878192544,8.124743020385568,0,0.06289308176100629,0.20125786163522014,0.9757911949685535,0.009324528301886792,159,95.75,0.0628930817610062,8,30,0,0,0.22234270845218698
3,2,19,5,2,0,0,12,13.938981714433762,8.035278911144667,0,0.05660377358490566,0.16352201257861634,0.9760805031446541,0.00969811320754717,159,96.09,0.0566037735849056,12,45,0,0,0.044065601278221844
9,0,38,7,3,0,0,13,14.236491976432346,8.371473537066832,1,0.11320754716981132,0.3018867924528302,0.974790566037736,0.009183018867924529,159,92.96,0.1132075471698113,13,60,1,1,0.5414018981306233
5,2,18,9,3,0,1,14,13.499209151432508,8.164794804244766,0,0.43243243243243246,5.8108108108108105,0.7956756756756758,0.10057027027027027,74,69.1,0.4324324324324324,14,45,1,1,0.6680724759016373
5,2,19,12,4,0,1,14,14.06768275936372,8.163940954755008,0,0.43243243243243246,5.8108108108108105,0.7956756756756758,0.10057027027027027,74,69.1,0.4324324324324324,14,45,1,1,0.5877100357907376
10,0,36,1,1,0,0,18,13.030147315875274,8.201385955238608,0,0.2,1.1391304347826088,0.926811304347826,0.04028608695652174,115,86.36,0.2,18,45,1,0,0.1478195609333592
6,3,24,3,1,0,1,9,13.64874547335475,8.303504798872783,1,0.050955414012738856,0.19745222929936307,0.9737770700636943,0.009755414012738854,157,96.35,0.0509554140127388,9,30,0,0,0.10730753717491145
8,3,22,10,4,1,0,10,13.21177225143309,7.755767170102998,0,0.21367521367521367,1.3504273504273505,0.924802564102564,0.03928717948717948,117,85.58,0.2136752136752136,10,45,0,0,0.4495035767537781
9,0,34,1,1,0,0,13,14.204909500301554,8.29254851397576,1,0.11320754716981132,0.3018867924528302,0.974790566037736,0.009183018867924529,159,92.96,0.1132075471698113,13,60,0,0,0.17359976643757546
9,0,39,11,4,1,0,13,13.635412319764816,8.495356496807062,1,0.11320754716981132,0.3018867924528302,0.974790566037736,0.009183018867924529,159,92.96,0.1132075471698113,13,60,0,0,0.27991459206414304
14,1,41,10,4,1,0,12,12.187816104426542,7.706162970199576,0,0.0875,0.2,0.974571875,0.009675,160,94.36,0.0875,12,30,0,0,0.2848210423672718
13,1,40,10,4,1,0,10,11.722029887277401,6.967909201801884,0,0.22033898305084745,1.1016949152542372,0.9248949152542374,0.0399271186440678,118,85.21,0.2203389830508474,10,45,0,0,0.3014607474918725
1,4,0,11,4,1,0,10,13.048902826397532,7.596392304064196,0,0.15517241379310345,0.9655172413793104,0.9260086206896552,0.04038534482758621,116,88.81,0.1551724137931034,10,45,1,0,0.469444814818564
14,1,47,10,4,1,0,12,11.263543168919114,6.643789733147672,0,0.0875,0.2,0.974571875,0.009675,160,94.36,0.0875,12,30,0,0,0.09525774877479035
4,2,17,4,2,0,0,15,13.309091427995149,8.061486866871327,0,0.2457627118644068,1.5169491525423728,0.924914406779661,0.0379457627118644,118,83.85,0.2457627118644068,15,60,0,0,0.32349896685216345
12,1,42,8,3,0,0,8,13.929745475376036,8.47407690034261,1,0.06289308176100629,0.20125786163522014,0.9757911949685535,0.009324528301886792,159,95.75,0.0628930817610062,8,30,0,0,0.1587468474680393
13,1,48,8,3,0,0,10,12.131603592810094,7.51425465281641,0,0.22033898305084745,1.1016949152542372,0.9248949152542374,0.0399271186440678,118,85.21,0.2203389830508474,10,45,1,0,0.2800380981751672
9,0,31,8,3,0,0,13,11.714162654489773,6.643789733147672,0,0.11320754716981132,0.3018867924528302,0.974790566037736,0.009183018867924529,159,92.96,0.1132075471698113,13,60,0,0,0.03391397460012843
7,3,24,4,2,0,0,11,12.765469952457503,7.4205789054108005,0,0.4473684210526316,5.2105263157894735,0.7880618421052631,0.09860921052631579,76,68.12,0.4473684210526316,11,30,0,1,0.5505030650531336
11,0,33,9,3,0,1,16,12.25392556109551,7.408530566894626,0,0.35064935064935066,4.935064935064935,0.7990454545454545,0.10566103896103896,77,73.58,0.3506493506493506,16,60,1,1,0.5231657968041495
14,1,49,11,4,1,0,12,12.88306706990332,8.061486866871327,0,0.0875,0.2,0.974571875,0.009675,160,94.36,0.0875,12,30,0,0,0.2350421993631253
14,1,43,11,4,1,0,12,11.968200407683375,7.5678626054638825,0,0.0875,0.2,0.974571875,0.009675,160,94.36,0.0875,12,30,0,0,0.24087782131495838
2,4,8,5,2,0,0,8,11.81312746008418,7.2196420401307355,0,0.07006369426751592,0.20382165605095542,0.9737076433121018,0.009521019108280255,157,95.3,0.0700636942675159,8,30,0,0,0.023522748770995482
13,1,49,7,3,0,0,10,12.884643607296375,8.063062911326792,0,0.22033898305084745,1.1016949152542372,0.9248949152542374,0.0399271186440678,118,85.21,0.2203389830508474,10,45,0,0,0.32810587706218136
2,4,8,3,1,0,1,8,12.97947317311609,8.38548870041881,1,0.07006369426751592,0.20382165605095542,0.9737076433121018,0.009521019108280255,157,95.3,0.0700636942675159,8,30,0,0,0.04970830685672233
10,0,32,4,2,0,0,18,12.568814647594646,6.78105762593618,0,0.2,1.1391304347826088,0.926811304347826,0.04028608695652174,115,86.36,0.2,18,45,0,0,0.1582152938459399
3,2,10,5,2,0,0,12,13.940894341281288,8.014004994779459,0,0.05660377358490566,0.16352201257861634,0.9760805031446541,0.00969811320754717,159,96.09,0.0566037735849056,12,45,0,0,0.0913765643608004
6,3,25,8,3,0,0,9,12.519182889250994,7.085901464365611,0,0.050955414012738856,0.19745222929936307,0.9737770700636943,0.009755414012738854,157,96.35,0.0509554140127388,9,30,0,0,0.015940961181381306
0,4,0,2,1,0,0,7,12.965630640267683,7.513163545234075,0,0.06369426751592357,0.17834394904458598,0.9750668789808917,0.009659872611464967,157,95.68,0.0636942675159235,7,30,0,0,0.041078697276656716
12,1,42,9,3,0,1,8,11.778449424646787,6.324358962381311,0,0.06289308176100629,0.20125786163522014,0.9757911949685535,0.009324528301886792,159,95.75,0.0628930817610062,8,30,0,0,0.24744702625913328
1,4,8,1,1,0,0,10,11.965076874886973,7.371489295214277,0,0.15517241379310345,0.9655172413793104,0.9260086206896552,0.04038534482758621,116,88.81,0.1551724137931034,10,45,0,0,0.2723290719600879
8,3,29,6,2,0,1,10,13.357016439458366,7.9291264873067995,0,0.21367521367521367,1.3504273504273505,0.924802564102564,0.03928717948717948,117,85.58,0.2136752136752136,10,45,0,0,0.25963526271824977
6,3,26,7,3,0,0,9,12.625763683552295,7.552237287560802,0,0.050955414012738856,0.19745222929936307,0.9737770700636943,0.009755414012738854,157,96.35,0.0509554140127388,9,30,0,0,0.12304310521697322
13,1,49,3,1,0,1,10,12.557767006933654,7.736307096548285,0,0.22033898305084745,1.1016949152542372,0.9248949152542374,0.0399271186440678,118,85.21,0.2203389830508474,10,45,0,1,0.5805986109715703
13,1,44,11,4,1,0,10,12.939628199080781,8.275121630216509,1,0.22033898305084745,1.1016949152542372,0.9248949152542374,0.0399271186440678,118,85.21,0.2203389830508474,10,45,0,1,0.5754418275227843
0,4,6,7,3,0,0,7,12.272631858070033,7.6236419465115715,0,0.06369426751592357,0.17834394904458598,0.9750668789808917,0.009659872611464967,157,95.68,0.0636942675159235,7,30,0,0,0.17529448501122535
0,4,1,4,2,0,0,7,13.196141710947499,8.464635940677562,1,0.06369426751592357,0.17834394904458598,0.9750668789808917,0.009659872611464967,157,95.68,0.0636942675159235,7,30,0,0,0.026457499585450385
1,4,4,8,3,0,0,10,12.389652909819374,7.500529485395295,0,0.15517241379310345,0.9655172413793104,0.9260086206896552,0.04038534482758621,116,88.81,0.1551724137931034,10,45,1,0,0.18605746888025126
7,3,28,11,4,1,0,11,12.242476028348129,6.741700694652055,0,0.4473684210526316,5.2105263157894735,0.7880618421052631,0.09860921052631579,76,68.12,0.4473684210526316,11,30,0,1,0.502046420601103
12,1,46,2,1,0,0,8,12.892934439367213,8.515992470839718,1,0.06289308176100629,0.20125786163522014,0.9757911949685535,0.009324528301886792,159,95.75,0.0628930817610062,8,30,1,0,0.19806581227296297
6,3,27,1,1,0,0,9,12.804655762871576,7.1929342212158,0,0.050955414012738856,0.19745222929936307,0.9737770700636943,0.009755414012738854,157,96.35,0.0509554140127388,9,30,0,0,0.11393279285062477
10,0,36,2,1,0,0,18,12.791103572427359,7.962415680121064,0,0.2,1.1391304347826088,0.926811304347826,0.04028608695652174,115,86.36,0.2,18,45,0,0,0.13287429515070995
14,1,44,8,3,0,0,12,12.958310849015284,8.293799608846818,1,0.0875,0.2,0.974571875,0.009675,160,94.36,0.0875,12,30,0,0,0.15562631623850026
14,1,42,9,3,0,1,12,13.312197742249595,7.8567067930958405,0,0.0875,0.2,0.974571875,0.009675,160,94.36,0.0875,12,30,0,0,0.25529849118439396
11,0,34,5,2,0,0,16,13.21578258863581,7.303843225277705,0,0.35064935064935066,4.935064935064935,0.7990454545454545,0.10566103896103896,77,73.58,0.3506493506493506,16,60,0,1,0.5822602185434338
12,1,47,6,2,0,1,8,12.77382042189529,8.153061946801051,0,0.06289308176100629,0.20125786163522014,0.9757911949685535,0.009324528301886792,159,95.75,0.0628930817610062,8,30,0,0,0.21560963310161327
13,1,48,12,4,0,1,10,12.145688257355326,7.528331766707247,0,0.22033898305084745,1.1016949152542372,0.9248949152542374,0.0399271186440678,118,85.21,0.2203389830508474,10,45,0,0,0.41507784554927957
12,1,49,1,1,0,0,8,13.170906272910146,8.34924780056679,1,0.06289308176100629,0.20125786163522014,0.9757911949685535,0.009324528301886792,159,95.75,0.0628930817610062,8,30,0,0,0.2738905482684411
13,1,43,6,2,0,1,10,12.917243715506876,8.516593011344206,1,0.22033898305084745,1.1016949152542372,0.9248949152542374,0.0399271186440678,118,85.21,0.2203389830508474,10,45,0,0,0.3860517564911549
14,1,45,1,1,0,0,12,12.114688448958349,7.053585727193677,0,0.0875,0.2,0.974571875,0.009675,160,94.36,0.0875,12,30,0,0,0.0737295893750772
14,1,48,6,2,0,1,12,12.940285470925225,8.32263709695394,1,0.0875,0.2,0.974571875,0.009675,160,94.36,0.0875,12,30,0,0,0.05718862172583197
0,4,4,9,3,0,1,7,13.20768432141688,8.318254328798846,1,0.06369426751592357,0.17834394904458598,0.9750668789808917,0.009659872611464967,157,95.68,0.0636942675159235,7,30,0,0,0.02978047806684966
7,3,27,7,3,0,0,11,13.687432451963891,8.075271546297458,0,0.4473684210526316,5.2105263157894735,0.7880618421052631,0.09860921052631579,76,68.12,0.4473684210526316,11,30,1,1,0.6354291628198261
8,3,24,1,1,0,0,10,12.943387513532825,7.598399329323964,0,0.21367521367521367,1.3504273504273505,0.924802564102564,0.03928717948717948,117,85.58,0.2136752136752136,10,45,0,0,0.39611442172829747
7,3,20,10,4,1,0,11,11.852259673668119,7.168579897264035,0,0.4473684210526316,5.2105263157894735,0.7880618421052631,0.09860921052631579,76,68.12,0.4473684210526316,11,30,1,1,0.6064270922766773
0,4,7,2,1,0,0,7,14.082381123021452,8.470520783217808,1,0.06369426751592357,0.17834394904458598,0.9750668789808917,0.009659872611464967,157,95.68,0.0636942675159235,7,30,0,0,0.2521618421708155
14,1,46,8,3,0,0,12,11.86095346158233,7.484368643286131,0,0.0875,0.2,0.974571875,0.009675,160,94.36,0.0875,12,30,0,0,0.0794887645586309
8,3,22,11,4,1,0,10,13.644288240092614,8.188133414510478,0,0.21367521367521367,1.3504273504273505,0.924802564102564,0.03928717948717948,117,85.58,0.2136752136752136,10,45,0,1,0.5113471270907225
12,1,45,10,4,1,0,8,13.376060808521682,8.31434234336979,1,0.06289308176100629,0.20125786163522014,0.9757911949685535,0.009324528301886792,159,95.75,0.0628930817610062,8,30,0,0,0.03524962662151755
3,2,18,1,1,0,0,12,13.501767057521624,8.16735198705607,0,0.05660377358490566,0.16352201257861634,0.9760805031446541,0.00969811320754717,159,96.09,0.0566037735849056,12,45,0,0,0.09519657383961941
1,4,9,10,4,1,0,10,13.080999986355417,7.694392802629421,0,0.15517241379310345,0.9655172413793104,0.9260086206896552,0.04038534482758621,116,88.81,0.1551724137931034,10,45,0,0,0.1255233213380589
10,0,39,9,3,0,1,18,12.151478329814468,7.01211529430638,0,0.2,1.1391304347826088,0.926811304347826,0.04028608695652174,115,86.36,0.2,18,45,0,0,0.28908138586910537
7,3,24,6,2,0,1,11,13.571794435022806,8.226573474977114,0,0.4473684210526316,5.2105263157894735,0.7880618421052631,0.09860921052631579,76,68.12,0.4473684210526316,11,30,0,1,0.5321192204784091
3,2,12,1,1,0,0,12,13.245609083250171,7.776954403322442,0,0.05660377358490566,0.16352201257861634,0.9760805031446541,0.00969811320754717,159,96.09,0.0566037735849056,12,45,0,0,0.06640980695037113
14,1,48,6,2,0,1,12,10.838498757761585,6.222576268071369,0,0.0875,0.2,0.974571875,0.009675,160,94.36,0.0875,12,30,1,0,0.20753073219844476
8,3,26,7,3,0,0,10,13.176030809295796,8.102283624480073,0,0.21367521367521367,1.3504273504273505,0.924802564102564,0.03928717948717948,117,85.58,0.2136752136752136,10,45,1,0,0.39122359097434656
14,1,48,6,2,0,1,12,11.89583435011503,7.278628942320682,0,0.0875,0.2,0.974571875,0.009675,160,94.36,0.0875,12,30,0,0,0.1260178140357859
14,1,49,5,2,0,0,12,13.080058617463893,8.258422462458876,0,0.0875,0.2,0.974571875,0.009675,160,94.36,0.0875,12,30,0,0,0.09468355971721137
13,1,47,6,2,0,1,10,11.568990058584667,6.948897222313312,0,0.22033898305084745,1.1016949152542372,0.9248949152542374,0.0399271186440678,118,85.21,0.2203389830508474,10,45,0,0,0.4680080547147609
9,0,39,4,2,0,0,13,13.096737911841888,7.956827122090111,0,0.11320754716981132,0.3018867924528302,0.974790566037736,0.009183018867924529,159,92.96,0.1132075471698113,13,60,0,0,0.15683601092533078
5,2,19,5,2,0,0,14,14.051025293638402,8.147288258706624,0,0.43243243243243246,5.8108108108108105,0.7956756756756758,0.10057027027027027,74,69.1,0.4324324324324324,14,45,0,1,0.7327092270252893
6,3,21,11,4,1,0,9,12.32648417921247,6.905753276311464,0,0.050955414012738856,0.19745222929936307,0.9737770700636943,0.009755414012738854,157,96.35,0.0509554140127388,9,30,0,0,0.05667385141005371
12,1,40,6,2,0,1,8,11.207117167274813,6.453624998892692,0,0.06289308176100629,0.20125786163522014,0.9757911949685535,0.009324528301886792,159,95.75,0.0628930817610062,8,30,0,0,0.1905048799231786
14,1,41,10,4,1,0,12,12.615982394903549,8.134174272137903,0,0.0875,0.2,0.974571875,0.009675,160,94.36,0.0875,12,30,0,0,0.2339875478119138
13,1,48,6,2,0,1,10,12.38133954329704,7.763871287820222,0,0.22033898305084745,1.1016949152542372,0.9248949152542374,0.0399271186440678,118,85.21,0.2203389830508474,10,45,0,0,0.42065315468703773
5,2,18,6,2,0,1,14,13.744974492794793,8.410498452745275,1,0.43243243243243246,5.8108108108108105,0.7956756756756758,0.10057027027027027,74,69.1,0.4324324324324324,14,45,1,1,0.5165566853224306
9,0,31,5,2,0,0,13,13.078370611296682,8.007034012193408,0,0.11320754716981132,0.3018867924528302,0.974790566037736,0.009183018867924529,159,92.96,0.1132075471698113,13,60,0,0,0.06942823633178609
3,2,13,7,3,0,0,12,13.676177338674238,7.905072849498666,0,0.05660377358490566,0.16352201257861634,0.9760805031446541,0.00969811320754717,159,96.09,0.0566037735849056,12,45,0,0,0.05013240963182148
12,1,41,5,2,0,0,8,12.275689655535485,7.793999089503996,0,0.06289308176100629,0.20125786163522014,0.9757911949685535,0.009324528301886792,159,95.75,0.0628930817610062,8,30,0,0,0.47400485545420024
7,3,24,7,3,0,0,11,13.604946600731594,8.259716961021523,0,0.4473684210526316,5.2105263157894735,0.7880618421052631,0.09860921052631579,76,68.12,0.4473684210526316,11,30,0,1,0.6037427051645496
2,4,3,8,3,0,0,8,13.822643756105869,8.453614209773367,1,0.07006369426751592,0.20382165605095542,0.9737076433121018,0.009521019108280255,157,95.3,0.0700636942675159,8,30,0,0,0.15739169241510217
2,4,1,3,1,0,1,8,12.211583831010303,7.480428306074208,0,0.07006369426751592,0.20382165605095542,0.9737076433121018,0.009521019108280255,157,95.3,0.0700636942675159,8,30,0,0,0.05478215140021821
12,1,46,2,1,0,0,8,12.332919898985432,7.9561263512135,0,0.06289308176100629,0.20125786163522014,0.9757911949685535,0.009324528301886792,159,95.75,0.0628930817610062,8,30,0,0,0.16638086574893554
10,0,33,11,4,1,0,18,12.007624572655887,7.162397497355718,0,0.2,1.1391304347826088,0.926811304347826,0.04028608695652174,115,86.36,0.2,18,45,0,0,0.2749874181964286
7,3,28,8,3,0,0,11,13.749958616823408,8.2482674474469,0,0.4473684210526316,5.2105263157894735,0.7880618421052631,0.09860921052631579,76,68.12,0.4473684210526316,11,30,1,1,0.6497111154747391
5,2,16,7,3,0,0,14,14.399605137722629,8.444837529224097,1,0.43243243243243246,5.8108108108108105,0.7956756756756758,0.10057027027027027,74,69.1,0.4324324324324324,14,45,0,1,0.6279475285465657
6,3,26,9,3,0,1,9,12.435427586163012,7.362010551259734,0,0.050955414012738856,0.19745222929936307,0.9737770700636943,0.009755414012738854,157,96.35,0.0509554140127388,9,30,0,0,0.029399863793464043
6,3,25,7,3,0,0,9,13.44148346100618,8.007700012884026,0,0.050955414012738856,0.19745222929936307,0.9737770700636943,0.009755414012738854,157,96.35,0.0509554140127388,9,30,0,0,0.047923060063866194
14,1,45,6,2,0,1,12,13.562417076678042,8.500657222776137,1,0.0875,0.2,0.974571875,0.009675,160,94.36,0.0875,12,30,0,0,0.22462845832197653
6,3,27,1,1,0,0,9,13.399439474815257,7.787382026484701,0,0.050955414012738856,0.19745222929936307,0.9737770700636943,0.009755414012738854,157,96.35,0.0509554140127388,9,30,0,0,0.10718661632362625
6,3,26,3,1,0,1,9,13.113530118793575,8.039802343736485,0,0.050955414012738856,0.19745222929936307,0.9737770700636943,0.009755414012738854,157,96.35,0.0509554140127388,9,30,0,0,0.2094958448729492
6,3,20,7,3,0,0,9,12.724893224300896,8.040768994367578,0,0.050955414012738856,0.19745222929936307,0.9737770700636943,0.009755414012738854,157,96.35,0.0509554140127388,9,30,0,0,0.06986906576847982
3,2,15,9,3,0,1,12,13.208219921164012,7.362645270417825,0,0.05660377358490566,0.16352201257861634,0.9760805031446541,0.00969811320754717,159,96.09,0.0566037735849056,12,45,0,0,0.1519564231777506
6,3,28,8,3,0,0,9,13.96953539558802,8.46779284112111,1,0.050955414012738856,0.19745222929936307,0.9737770700636943,0.009755414012738854,157,96.35,0.0509554140127388,9,30,0,0,0.09698579034098674
5,2,15,9,3,0,1,14,13.893398021690297,8.047509510981422,0,0.43243243243243246,5.8108108108108105,0.7956756756756758,0.10057027027027027,74,69.1,0.4324324324324324,14,45,0,1,0.7031088552434644
1,4,4,5,2,0,0,10,12.887337864338624,7.99799931797973,0,0.15517241379310345,0.9655172413793104,0.9260086206896552,0.04038534482758621,116,88.81,0.1551724137931034,10,45,0,0,0.0413434304766503
9,0,34,5,2,0,0,13,14.259490610999137,8.34711636103872,1,0.11320754716981132,0.3018867924528302,0.974790566037736,0.009183018867924529,159,92.96,0.1132075471698113,13,60,0,0,0.14861365137339705
4,2,15,2,1,0,0,15,14.221837827637655,8.375860015299594,1,0.2457627118644068,1.5169491525423728,0.924914406779661,0.0379457627118644,118,83.85,0.2457627118644068,15,60,0,0,0.4213177595817289
9,0,34,12,4,0,1,13,14.325998338667723,8.413608875159667,1,0.11320754716981132,0.3018867924528302,0.974790566037736,0.009183018867924529,159,92.96,0.1132075471698113,13,60,0,0,0.12203255187297939
2,4,4,3,1,0,1,8,12.675396231098615,7.786136437783072,0,0.07006369426751592,0.20382165605095542,0.9737076433121018,0.009521019108280255,157,95.3,0.0700636942675159,8,30,0,0,0.0986961370767152
14,1,46,10,4,1,0,12,11.91670522033564,7.540090320145325,0,0.0875,0.2,0.974571875,0.009675,160,94.36,0.0875,12,30,0,0,0.20111844020229283
12,1,44,3,1,0,1,8,12.158081472082626,7.493873886783559,0,0.06289308176100629,0.20125786163522014,0.9757911949685535,0.009324528301886792,159,95.75,0.0628930817610062,8,30,0,0,0.14274851793059506
9,0,33,6,2,0,1,13,13.205601583261648,8.35983738064003,1,0.11320754716981132,0.3018867924528302,0.974790566037736,0.009183018867924529,159,92.96,0.1132075471698113,13,60,0,0,0.0866312472414313
10,0,37,6,2,0,1,18,12.697275291861981,7.134890851565884,0,0.2,1.1391304347826088,0.926811304347826,0.04028608695652174,115,86.36,0.2,18,45,0,0,0.2524525475707396
9,0,30,1,1,0,0,13,13.180666058542895,7.606387389772652,0,0.11320754716981132,0.3018867924528302,0.974790566037736,0.009183018867924529,159,92.96,0.1132075471698113,13,60,0,0,0.17431804126494585
7,3,23,5,2,0,0,11,12.073910029988456,6.822197390620491,0,0.4473684210526316,5.2105263157894735,0.7880618421052631,0.09860921052631579,76,68.12,0.4473684210526316,11,30,0,0,0.4928823709335192
6,3,20,10,4,1,0,9,10.979726412227345,6.297109319933935,0,0.050955414012738856,0.19745222929936307,0.9737770700636943,0.009755414012738854,157,96.35,0.0509554140127388,9,30,0,0,0.15325981479709122
3,2,13,3,1,0,1,12,13.731796991759593,7.960672608388117,0,0.05660377358490566,0.16352201257861634,0.9760805031446541,0.00969811320754717,159,96.09,0.0566037735849056,12,45,0,0,0.1826028282179004
14,1,40,4,2,0,0,12,12.858853951489689,8.104099056143582,0,0.0875,0.2,0.974571875,0.009675,160,94.36,0.0875,12,30,1,0,0.2467922394325278
11,0,33,8,3,0,0,16,11.774541988410602,6.92951677076365,0,0.35064935064935066,4.935064935064935,0.7990454545454545,0.10566103896103896,77,73.58,0.3506493506493506,16,60,0,0,0.3403267844385031
0,4,8,7,3,0,0,7,11.563070235056175,6.96979066990159,0,0.06369426751592357,0.17834394904458598,0.9750668789808917,0.009659872611464967,157,95.68,0.0636942675159235,7,30,0,0,0.07643714412130102
10,0,33,1,1,0,0,18,12.875757551947903,8.030084094267563,0,0.2,1.1391304347826088,0.926811304347826,0.04028608695652174,115,86.36,0.2,18,45,0,0,0.11308394317573542
14,1,42,4,2,0,0,12,13.554216661448567,8.098642843759418,0,0.0875,0.2,0.974571875,0.009675,160,94.36,0.0875,12,30,0,0,0.2553240997062242
0,4,3,2,1,0,0,7,12.575622451589782,7.207118856207756,0,0.06369426751592357,0.17834394904458598,0.9750668789808917,0.009659872611464967,157,95.68,0.0636942675159235,7,30,0,0,0.01743100812065311
